,Supervised,PET HMM,Active site HMM,Homologs HMM,Blosum,unsupervised,petml_scores
DP011,-1.4081687078106775,-1.7831646759251982,10.54603629810685,-1.7335524847769457,-0.7169609482117519,1.5780895472982388,0.08496041974378066
DP019,-1.6468450659868465,-1.682506758932779,14.561117148365494,-0.7913684988137002,0.4902351798986114,3.144369267629407,0.7487621008212801
DP027,-1.13086537108983,-0.8772434229934253,13.594832130460924,-1.0073814126686889,0.4147854218917137,3.0312481791726307,0.9501914040414003
DP035,-3.115398393289327,-1.0732614718734002,12.461946247400395,-0.40070684609723256,-0.11336288415657027,2.718653761318298,-0.19837231598551464
DP043,-1.2204480782960863,-2.0877873194548875,5.5146901703968485,-1.0257654904435818,-0.07563800515312141,0.5813748388363144,-0.31953661972988595
DP051,-1.1016923923437512,0.11079349906373977,14.327875937147152,0.4633448093227199,0.5279600589020602,3.8574935761089177,1.3779005918825833
DP059,-1.3579786400678666,-1.992427187567332,7.597200984846353,-1.614055979240144,-0.39629947668243665,0.8986045853391101,-0.22968702736437824
DP067,-1.387973933780992,-1.1315371080269057,11.662262094651785,-1.0303615098873047,-0.3585745976789878,2.2854472197646465,0.44873664299182725
DP075,-0.9932477780958803,-2.0983828896646153,7.797122023033506,-1.8070887958765172,-0.6226487507031297,0.817250396697311,-0.08799869069928462
DP083,-1.6780222421181987,0.2988648702864181,14.07797463941321,0.3254642260110254,0.829759090929651,3.883015706660076,1.1024967322709387
DP091,-2.1366417544701504,-1.7911113535824934,10.029573616123372,-1.1452619959803834,-0.24539996066864125,1.7119500764729634,-0.2123458389985935
DP012,-0.8297251512417815,-2.063947286482998,9.596411366717877,-1.3796589876102636,0.22616102687446943,1.5947415298747711,0.38250818931649483
DP020,-1.8919410841949236,-1.8838225929176162,8.99664825215642,-1.6829962708959914,-0.7358233877134763,1.1735015001573343,-0.3592197920187946
DP028,-0.9281698949866609,-1.3090129090398548,9.513110934139897,-0.6534879155020057,0.7920342119262023,2.08566108038106,0.5787455926971996
DP036,-1.7147668579319029,-0.6997676219804762,13.594832130460924,-0.10196558225522792,-0.09450044465484583,3.1746496203925934,0.7299413812303452
DP044,-2.3670362626837993,-0.829563357049649,9.912953010514203,-0.7867724793699773,-0.16995020266174354,2.0316667428582083,-0.16768475991279552
DP052,-1.145199209029964,-0.28124259869620705,12.811808064227911,-0.37772674887861685,0.39592298238998924,3.137190424760769,0.9959956078654025
DP060,-1.1626382028062028,-1.5924444121500871,12.378645814822415,-1.3015266570669708,-0.5471989926962321,2.234368938227281,0.5358653677105392
DP068,-1.5546584623688318,-2.206987484314331,6.331034409661055,-1.7519365625518386,-0.1322253236582947,0.5599712597841475,-0.4973436012923421
DP076,-0.7708475894984034,0.018082259728616924,14.977619311255397,0.27031199268634554,0.6222722564106824,3.9720714550202603,1.6006119327609285
DP084,-1.6796815354718941,0.04457118525293774,15.094239916864568,0.2611199537988998,0.11298638986412286,3.878229361445132,1.099273912986619
DP092,-1.2337946953062626,-2.4453878140332184,4.548405152492279,-1.8714330680886402,-1.0942097382462403,-0.21565636696895496,-0.7247255311376088
DP013,-1.7708347760067455,-1.3116618015922874,10.562696384622447,-1.522135590365681,-0.9244477827307206,1.7011128024834394,-0.03486098676165306
DP021,-1.8182780947757797,-2.140765170503529,5.997832679349134,-1.1314739376492136,-0.24539996066864125,0.6200484026319375,-0.5991148460719211
DP029,-1.3086464958779258,-0.3580604827167383,12.078764257541687,-0.07898548503661218,-0.20767508166519238,2.858510802030786,0.7749321530764302
DP037,-1.5833041605862794,-1.4599997845284831,9.96293327006099,-0.34555461277255534,0.09412395036239843,2.0628757057805873,0.23978577259715395
DP045,-2.525589607765877,-1.6083377674646804,10.312795086888505,-1.0441495682184734,0.24502346637619385,1.976332804395386,-0.2746284016852454
DP053,-1.8992078383271107,-0.16734021894162876,14.827678532615032,0.4173846148854884,0.5090976194003358,3.896705136989807,0.9987486493313481
DP061,-1.1343365633052886,-2.0612983939305667,6.947457610738106,-1.3980430653851565,-0.3019872791738145,0.7965322180621424,-0.16890217262157314
DP069,-1.1136569360474116,0.03132672249077733,15.127560089895757,0.14162344826209947,0.6977220144175801,3.9995580687665533,1.442950566359571
DP077,-1.0617105574913261,-1.4705953547382125,9.779672318389432,-0.8327326738072088,-0.9998975407376183,1.6191116872765978,0.27870056489263584
DP085,-0.4481300652665224,-0.7871810762107352,13.095029534993044,-0.37772674887861685,-0.22653752116691683,2.9258960471841937,1.2388829909588357
DP093,-1.8613601164659332,-1.1262393229220418,10.246154740826123,-0.8281366543634859,0.16957370836929614,2.1153381179774726,0.1269890007557697
DP001,-1.3902905599148738,-1.9023648407846419,10.262814827341717,-0.8373286932509317,-0.6037863112014054,1.7298337455261845,0.16977159280565535
DP014,-2.394057665317122,-1.343448512221472,10.146194221732545,-1.278546559848355,-0.8301355852220985,1.6735158911101546,-0.36027088710348365
DP022,-1.3934258915169542,-0.879892315545858,11.5956217485894,-0.9108650043505031,-0.7924107062186496,2.253113430618597,0.4298437695508215
DP030,-1.6615722092203151,-1.2057060994950042,13.111689621508638,-1.2325863654111235,-0.8867229037272718,2.44666856321881,0.3925481769992475
DP038,-1.4538778374464358,-0.5964608124356257,13.894713687741653,-0.18009791279852222,0.32047322438309156,3.359657046722649,0.9528896046381067
DP046,-1.6403265215549625,-0.70506540708534,11.762222613745362,-0.7637923821513616,-0.09450044465484583,2.549716094963453,0.45469478670424535
DP054,-2.193533457364353,-1.2851728760679666,9.213229376859168,-1.2004142293050606,-0.24539996066864125,1.6205605777043748,-0.2864864398299891
DP062,-0.9293534769530268,-1.9712360471478751,13.061709361961851,-1.9403733597444874,-0.33971215817726336,2.2025969492230564,0.6366217361350148
DP070,-1.5319400711821012,-0.08257565726380095,13.24497031363341,-0.23984616556692237,-0.2831248396720901,3.159855912782649,0.8139579208002738
DP078,-2.1839602235521802,-1.0017413729577342,12.045444084510494,-1.3842550070539865,-1.6223580442945245,2.009272415051062,-0.08734390425055905
DP086,-1.0246260632436042,0.794207777591217,15.677342944910428,0.6977418009525989,0.22616102687446943,4.3488633875821785,1.6621186621692872
DP094,-1.8580040744559545,-1.2427905952290528,12.112084430572876,-1.4577913181535567,-2.0939190318376353,1.8293958713381577,-0.014304101558898386
DP003,-1.3786356264179311,-1.1156437527123126,15.060919743833377,-0.6764680127206215,0.2827483453796427,3.3878890809450217,1.0046267272635454
DP015,-1.7874315883576215,-0.33951823484971405,12.378645814822415,-0.21227004890458373,-0.7546858272152007,2.7680429259632287,0.4903056688028036
DP023,-1.1668962429952316,-0.3156782018778244,14.561117148365494,0.6701656842902616,0.735446893421029,3.9127628810497397,1.3729333190272541
DP031,-1.8614292879300094,-1.79905803123979,12.545246679978375,-1.526731609809404,-0.33971215817726336,2.219936220187979,0.17925346612898485
DP039,-1.335603985989624,-1.0918037197404244,12.828468150743507,-1.4256191820474953,-0.7546858272152007,2.3890898554350968,0.5267429347227364
DP047,-1.2699273462081038,-1.6321778004365683,7.430600119690392,-1.5037515125907883,-0.18881264216346796,1.0264645411248918,-0.12173140254160597
DP055,-1.6998810983744483,-1.1050481825025849,12.461946247400395,-0.6902560710517914,-0.2831248396720901,2.5958792885434816,0.44799909508451663
DP063,-1.0954627391354588,-1.4652975696333486,12.528586593462776,-1.0671296654370892,-1.0187599802393428,2.244349844538249,0.574443552701395
DP071,-1.609355870857733,-0.5540785315967117,15.594042512332448,-0.48803121552797263,0.39592298238998924,3.7369639368994383,1.0638040330208527
DP079,-1.0090047547783954,-1.6904534365900754,11.578961662073805,-0.9476331599002875,-0.2831248396720901,2.1644375564778375,0.5777164008497211
DP087,-2.1733578809813157,-0.43222947418483687,14.811018446099434,-0.01464121282448914,0.8863464094348243,3.8126235421312327,0.8196328305749585
DP095,-2.1387431428115393,-2.2281786247337867,9.279869722921552,-1.4761753959284496,-0.01905068664794813,1.3891162539028419,-0.3748134444543487
DP006,-1.274484438095818,-1.7752179982679017,10.962538460996752,-0.8740968488007174,0.8674839699331,2.2951768959653083,0.5103462289347451
DP016,-1.3647114854548794,-0.7712877208961421,10.229494654310525,0.2978881093486855,-0.056775565651396985,2.4248298692779175,0.5300591919115191
DP024,-2.014681184858294,-0.9726035548809808,13.94469394728844,-0.40989888498467963,-0.056775565651396985,3.1263539854428455,0.5558364002922758
DP032,-1.3798352926761766,-0.8851901006507218,13.894713687741653,-0.8281366543634859,-0.39629947668243665,2.946271864011252,0.7832182856675378
DP040,-1.9101962792273144,-1.809653601449519,11.862183132838936,-0.9476331599002875,-0.07563800515312141,2.257314591584002,0.17355915617834372
DP048,-0.6153985351101122,0.2193980937134557,15.62736268536364,0.20596772047422252,0.6222722564106824,4.1687501889905,1.7766758269401939
DP056,-1.4006607904116546,0.3571405064399236,13.394911092273771,-0.10196558225522792,-0.37743703718071225,3.3181622448194386,0.958750727203892
DP064,-2.1731263790734614,-1.7010490067998032,8.080343493798638,-1.9863335541817189,-2.1127814713393596,0.5700448653694392,-0.8015407568520111
DP072,-1.0837566003451087,-1.8361425269738398,7.913742628642678,-1.9357773403007645,-0.6980985087100275,0.8609310631645117,-0.11141276859029847
DP080,-1.461653996014572,-1.997724972672196,8.596806175782115,-2.041485787506397,-0.8489980247238229,0.9271493477199249,-0.2672523241473236
DP088,-0.7510384090048905,0.08165568098698778,14.27789567760036,0.27031199268634554,-0.4717492346893344,3.53952852914609,1.3942450600705998
DP096,-2.1497769821093202,-1.478542032395509,11.562301575558207,-1.4026390848288794,-1.9430195158238397,1.6845252356274947,-0.23262587324091277
DP007,-1.1145933949363622,-1.727537932324124,10.945878374481154,-0.8970769460193332,0.471372740396887,2.1981590591336464,0.5417828320986421
DP017,-1.4125931805986904,-0.8481056049166733,12.162064690119667,-0.6488918960582829,-0.4151619161841611,2.5624763182401376,0.5749415688207236
DP025,-1.1144157012410536,-0.8242655719447837,12.528586593462776,-0.8557127710258245,-0.5283365531945077,2.580067924324415,0.7328261115416806
DP033,-1.1608408042879172,-0.32627377208755365,13.478211524851751,-0.48803121552797263,-0.5283365531945077,3.0338924960104294,0.9365258458612561
DP041,-1.3302271678469808,-0.1355535083124426,14.27789567760036,-0.4788391766405269,0.20729858737274498,3.4677003950050342,1.0687366135790266
DP049,-1.750922714234533,-1.3884796856128172,11.029178807059134,-1.4164271431600495,-0.6226487507031297,1.9004058068957845,0.0747415463306258
DP057,-0.9972586684898216,0.6617631499696129,14.877658792161819,0.316272187123577,0.2827483453796427,4.034610618658663,1.5186759750844205
DP065,-0.6663003944762657,-0.8904878857555857,13.511531697882944,-0.0284292711556578,0.43364786139343814,3.256565600591285,1.2951326030575097
DP073,0.0781514501883406,-0.7527454730291178,14.177935158506786,-1.3015266570669708,-0.7924107062186496,2.832813080548012,1.4554822653681763
DP081,-0.7495294012180698,-2.2599653353629727,7.047418129831684,-1.8300688930951328,-0.37743703718071225,0.6449867160482166,-0.052271342584926606
DP089,-1.6933577803611908,-1.033528083586919,11.712242354198573,-0.023833251711934914,0.3581981033865404,2.7532697805715647,0.529956000105187
DP097,-1.044702662830834,-1.2401417026766217,14.960959224739797,-0.7683884015950845,0.24502346637619385,3.2993631467110713,1.1273302419401188
DP008,-2.0349737167109714,-0.9646568772236843,9.79633240490503,-0.6672759738331757,-0.39629947668243665,1.9420250192914335,-0.046474348709768964
DP018,-2.0069400411686726,-0.4587183997091577,12.012123911479302,0.6471855870716459,0.5656849379055091,3.191569009186825,0.5923144840090762
DP026,-0.9746975202019664,-1.7460801801911483,9.313189895952743,-1.4991554931470654,-0.2831248396720901,1.4462073457356097,0.23575491276682164
DP034,-0.8836470552812052,-0.9487635219090927,13.478211524851751,-0.046813348930550655,-0.18881264216346796,3.07345550296216,1.0949042238404774
DP042,-1.5662390351210018,-2.1593074183705534,5.981172592833537,-1.8254728736514085,-1.1696594962531381,0.2066832011396092,-0.6797779169906963
DP050,-1.6479895332909131,0.004837796966456519,15.027599570802183,-0.32717053499766247,-0.811273145720374,3.4734984217626503,0.9127544442358686
DP058,-1.5276537265874246,-0.5858652422258964,10.962538460996752,-0.29499839889160095,-0.7358233877134763,2.336462858041445,0.4044045657270102
DP066,-0.7967511805451373,-1.9076626258895057,11.42902088343344,-1.2877385987358008,0.3016107848813671,2.133807610922375,0.6685282151886188
DP074,-2.1114732663431806,-2.3102942938591817,11.895503305870129,-2.4413394791103107,-2.2448185478514304,1.2247627462623016,-0.44335526004043946
DP082,-1.1784336044490389,-0.4030916561080834,11.895503305870129,-0.3501506322162782,-0.07563800515312141,2.7666557530981613,0.7941110743245612
DP090,-1.4661950042227565,-0.02430002111029547,14.844338619130626,-0.4282829627595725,-0.2642624001703657,3.531873308772598,1.0328391522749207
DP098,-1.2900646583720168,-0.8931367783080184,13.061709361961851,-1.2693545209609078,-0.5283365531945077,2.592720377374604,0.6513278595012936
DP009,-1.0080532832131224,-1.5871466270452232,9.396490328530724,-1.3061226765106937,-0.20767508166519238,1.5738864858274038,0.2829166013071407
TEP001,-1.0283061756491754,-5.76974796733548,5.814571727677577,-3.7190328844653466,-1.0376224197410673,-1.1779578859660793,-1.1031320308076273
TEP009,-2.657257810041994,-1.0573681165588071,10.46273586552887,-0.71783218771413,-0.5094741136927832,2.044515361890787,-0.30637122407560335
TEP018,-1.9647432259011828,0.5346163074528727,15.444101733692083,0.6885497620651531,0.43364786139343814,4.275228916150887,1.1552428451248522
TEP026,-2.2163600154072105,-4.768466582516154,5.198148526600523,-3.332967251192602,-0.4717492346893344,-0.8437586354493918,-1.5300593254283013
TEP034,-1.9144242119183685,-4.516821790035106,6.214413804051882,-4.394647742692649,-1.6223580442945245,-1.0798534432425992,-1.4971388275804838
TEP042,-1.2205010212825769,0.5981897287112437,14.744378100037052,0.4863249065413356,0.45251030089516253,4.070350759046199,1.4249248688818108
TEP050,-2.0737209906124914,-5.504858712092272,3.698740740196881,-4.390051723248926,-1.5091834072841779,-1.9263382756071237,-2.0000296331098077
TEP058,-1.6397434140336757,-2.9221884734709933,6.980777783769299,-2.615988217971791,-0.3585745976789878,0.2710066236618817,-0.684368395185897
TEP066,-0.3569291481202572,0.21145141605615916,15.144220176411357,-0.5156073321903113,0.07526151086067401,3.7288314427844695,1.6859511473321063
TEP074,-1.4046858759630445,-3.372500207384447,7.64718124439314,-1.9587574375193801,-0.33971215817726336,0.49405286032801243,-0.45531650781751604
TEP082,-1.0546740285363274,-2.0295116833013807,6.9641176972537036,-1.3796589876102636,-0.45288679518760994,0.7755150577886122,-0.13957948537385761
TEP090,-0.6419945701268839,-2.1619563109229847,14.727718013521454,-1.8254728736514085,-3.2256654019411006,1.87865585675149,0.618330643312303
TEP002,-1.5759078471225534,-0.7951277538680317,10.479395952044467,0.11404733159975954,-0.24539996066864125,2.3882288922768886,0.4061605225771676
TEP010,-1.1105427479225942,-2.042756146063541,7.230679081503239,-1.439407240378665,-0.4906116741910588,0.8144760052174934,-0.1480333713525504
TEP019,-2.599361641299866,-5.687632298210085,5.731271295099596,-4.063734342744583,-3.3954273574566205,-1.8538806758279232,-2.2266211585638946
TEP027,-2.526541884248864,-4.583044103845908,10.562696384622447,-3.5260000678289734,-2.5088927008755726,-0.013810121982001822,-1.2701760031154328
TEP035,-2.123301748184346,-5.984308264082478,5.847891900708769,-3.847721428889594,-3.0936283254290298,-1.7694415294230832,-1.9463716388037147
TEP043,-0.5999287537788833,-3.4705092318244337,6.397674755723438,-3.1031662790064445,-2.6975170958928167,-0.7183794627500643,-0.6591541082644738
TEP051,-2.691542546299494,-5.459827538700926,6.7975168320977435,-5.217335223119092,-1.867569757816942,-1.4368039218848043,-2.0641732340921495
TEP059,-2.0184520216970547,-1.1421326782366334,8.880027646547248,-0.7591963627076387,-0.2642624001703657,1.6786090513581526,-0.16992148516945105
TEP067,-2.4067267772992293,-0.8004255389728956,11.495661229495825,-0.18009791279852222,-0.6226487507031297,2.4731222567553193,0.03319773972804496
TEP075,-1.5338520805066214,0.765069959514465,14.327875937147152,1.0240591814569435,0.5845473774072335,4.175388113881448,1.3207680166874134
TEP083,-0.6035550930959319,-2.466578954452674,6.231073890567477,-2.174770351374369,-0.5471989926962321,0.2606313980110505,-0.1714618475424407
TEP091,-1.3095472573893545,0.08960235864428433,15.277500868536123,-0.1479257766924594,0.05639907135894958,3.8188941304617248,1.2546734365361851
TEP003,-0.6640127445748337,-2.506312342739155,7.247339168018836,-2.2253265652553234,-0.7735482667169252,0.435537998326858,-0.11423737312398785
TEP011,-1.2095857638007395,-2.654650325675352,5.564670429943636,-2.427551420779142,-0.811273145720374,-0.0822011155578081,-0.6458934396792738
TEP020,-2.9648362259686105,-5.7565035045733195,3.7987012592904574,-5.405772020311741,-2.8672790514083366,-2.5577133292507352,-2.761274777609673
TEP028,-0.8333007647582334,1.0696926030441543,15.777303464004003,0.780470150939616,0.735446893421029,4.5907282778522,1.8787137565469834
TEP036,-1.8021336662748162,-4.898262317585325,4.96490731538218,-2.5056837513224353,-0.9055853432289962,-0.8361560241886441,-1.31914484523173
TEP044,-1.3199950003810241,0.8021544552485136,15.294160955051717,1.1435556869937438,0.45251030089516253,4.4230953495472844,1.5515501745831302
TEP052,-1.3489297819784285,1.1597549498268445,15.89392406961318,1.5526014174851055,0.4147854218917137,4.755266464704212,1.7031683413628915
TEP060,-1.4200054853354902,-2.591076904416983,8.11366366682983,-1.3888510264977094,0.3016107848813671,1.108836630199126,-0.15558442756818214
TEP068,-1.5824823016111937,-2.8930506553942394,4.715006017648239,-2.5056837513224353,-0.5283365531945077,-0.3030162355657358,-0.9427492685884648
TEP076,-1.4242426431984168,-3.3672024222795818,5.5146901703968485,-3.231854823430693,-0.8867229037272718,-0.4927724947601746,-0.9585075689792957
TEP084,-0.41863237847111573,-0.013704450900567747,14.910978965193012,-0.10656160169895211,0.33933566388481595,3.7825121441195773,1.6819398828242307
TEP092,-1.006416087952664,-2.1646052034754173,7.263999254534432,-1.4853674348158967,-0.3585745976789878,0.8138630046410327,-0.09627654165581567
TEP004,1.0334180114187115,-0.36600716037403486,13.528191784398539,0.02212694272529657,0.39592298238998924,3.395058637284947,2.2142383243518293
TEP013,-1.2584881887709558,-1.92620487375653,7.56388081181516,-1.7473405431081157,-0.43402435568588554,0.8640777598161571,-0.19720521447739936
TEP021,-2.548572378890249,-3.647985032837383,10.84591785538758,-2.041485787506397,-0.5283365531945077,1.1570276204623229,-0.6957723792139631
TEP029,-1.376918081157147,-2.074542856692727,6.064473025411517,-1.9311813208570416,-0.20767508166519238,0.462768441549139,-0.45707481980400405
TEP037,-0.4012450522439504,0.08165568098698778,15.943904329159965,0.5966293731906901,0.33933566388481595,4.240381261805616,1.9195681047808326
TEP045,-1.951304973901233,-2.6890859288569695,14.511136888818706,-2.1793663708180917,-3.338840038951447,1.5759611375480493,-0.1876719181765918
TEP053,-2.608162940407737,-5.274405060030681,7.147378648925259,-4.546316384335514,-3.1690780834359273,-1.4606052197192156,-2.0343840800634765
TEP061,-1.2400231675260196,0.25648258944750424,15.943904329159965,0.0037428649504037148,0.15071126886757172,4.088710263106361,1.424343547790171
TEP069,-2.1100239971461785,-4.58569299639834,5.847891900708769,-3.4110995817358947,-0.8301355852220985,-0.7447590656618911,-1.4273915314040349
TEP077,-1.679203085969984,-4.86647560695614,4.798306450226219,-4.013178128863628,-2.4523053823703993,-1.633413166990987,-1.6563081264804855
TEP085,-1.7265011158276338,-3.213566654238522,4.864946796288602,-2.8411931707142255,-0.5094741136927832,-0.4248217855892322,-1.075661450708433
TEP093,-1.3197167973952169,-1.8917692705749127,7.397279946659199,-1.5956719014652512,0.15071126886757172,1.0151375108716518,-0.15228964326178251
TEP005,-2.083810409718731,-5.428040828071741,2.932376760479463,-6.338763967387541,-2.58434245888247,-2.8546926234655725,-2.469251516592152
TEP014,-1.2608114127856558,1.1226704540927959,16.76024856842417,0.2611199537988998,0.39592298238998924,4.634990489676464,1.687089538445404
TEP022,-1.9381857036337073,-5.245267241953928,4.415124460367511,-4.9829382314892126,-2.169368789844533,-1.9956124507300408,-1.966899077181874
TEP030,-3.4568486207539255,-6.16443295764786,-2.7487127413387844,-7.1614514478139855,-11.468551464194675,-6.885787152748827,-5.1713178867513765
TEP038,-2.0677274789869995,-4.116839014617861,11.928823478901322,-2.625180256859237,-2.037331713332462,0.7873681235229405,-0.6401796777320294
TEP046,-1.2541794880029626,-5.173747143038262,5.731271295099596,-5.295467553662386,-8.88439725245843,-3.4055851635148704,-2.3298823257589163
TEP054,-0.41384129311257845,-2.49836566508186,6.8808172646757235,-2.1012340402747975,-0.45288679518760994,0.45708269103286414,0.021620698960142848
TEP062,-1.0192096276463276,-2.564587978892662,6.830837005128936,-2.4872996735475423,-0.9621726617341695,0.2041941727386405,-0.40750772745384356
TEP070,-2.8806953191777076,-5.179044928143126,4.998227488413372,-5.612592895279283,-6.752941588763568,-3.136587980943151,-3.0086416500604294
TEP078,-1.0048286875090193,0.06576232567239469,13.178329967571024,0.5414771398660129,1.093833243953793,3.719850669265806,1.3575109908783933
TEP086,-1.5932719052125341,-2.217583054524059,6.231073890567477,-1.8254728736514085,-0.8678604642255473,0.3300393745416157,-0.6316162653354592
TEP094,-1.5598366005275182,-4.885017854823165,5.781251554646384,-5.442540175861527,-2.0561941528341863,-1.6506251572181236,-1.605230878872821
TEP006,-2.102641877203157,-4.66251088041887,10.429415692497678,-3.0158419095757045,-0.39629947668243665,0.5886908564551665,-0.7569755103739952
TEP015,-1.2965860276832195,-2.8268283415834374,6.747536572550955,-2.9974578318008116,-0.43402435568588554,0.12230651087020518,-0.5871397584065071
TEP023,-2.2238949806288195,-4.583044103845908,11.479001142980227,-4.022370167751074,-2.4145805033669503,0.1147515920040737,-1.0545716943123729
TEP031,-0.8044823180685832,0.7412299265425754,15.560722339301257,0.5047089843162271,-0.3585745976789878,4.112021663120268,1.6537696725258426
TEP039,-0.949050807644843,-3.0784731340644855,7.047418129831684,-2.413763362447972,-0.6415111902048543,0.22841761077859296,-0.360316598433125
TEP047,-2.03772121396841,-1.9950760801197647,10.29613500037291,-1.6232480181275912,-0.5283365531945077,1.5373685872327618,-0.2501763133678241
TEP055,-2.108819607466823,-5.504858712092272,7.347299687112412,-5.4701162925238656,-4.866697638591126,-2.123593239023713,-2.116206423245268
TEP063,-1.8786374393644252,-5.1260670770944845,8.013703147736253,-4.307323373261909,-3.508601994466967,-1.2320723242717768,-1.555354881818101
TEP071,-0.8617989368255511,-2.421547781061329,7.48058037923718,-1.5818838431340825,0.09412395036239843,0.8928181763510418,0.015509619762745341
TEP079,-1.315528610927697,-1.7752179982679017,14.944299138224203,-1.4026390848288794,-1.9807443948272885,2.4464244150750334,0.5654479020736682
TEP087,-2.229400596039216,-4.723435409124807,5.964512506317941,-4.458992014904773,-1.5846331652910755,-1.2006370207506785,-1.7150188083949471
TEP095,-1.194244471121236,-3.179131051056905,4.731666104163835,-2.8365971512705013,-0.5283365531945077,-0.4530996628395198,-0.823672066980378
TEP007,-1.615388496361356,0.5531585553198985,14.894318878677414,0.6563776259590915,0.4902351798986114,4.148522559963753,1.2665670318011988
TEP016,-2.0996491737812013,-5.279702845135545,4.581725325523472,-5.290871534218663,-3.678363949982487,-2.416803250953306,-2.2582262123672536
TEP024,-1.5798234060188794,-2.6943837139618334,5.448049824334463,-2.2988628763548933,-0.7924107062186496,-0.08440186805022831,-0.8321126370345538
TEP032,-1.4468367680684024,-2.302347616201885,12.461946247400395,-1.9082012236384258,-0.5094741136927832,1.9354808234668253,0.2443220276992114
TEP040,-1.0488249549751345,-3.107610952141239,7.447260206205987,-3.05261006512549,-0.5094741136927832,0.19439126881161883,-0.42721684308175784
TEP048,-1.2226092001594762,-4.045318915702195,10.12953413521695,-2.6481603540778527,-0.811273145720374,0.6561954299291322,-0.283206885115172
TEP056,-1.2504758758435928,-1.7407823950862844,10.46273586552887,-1.3934470459414336,-0.20767508166519238,1.7802078357089899,0.26486597993269856
TEP064,-1.5736360011459334,-1.1553771409987939,10.479395952044467,-0.8051565571448701,-0.8867229037272718,1.9080348375433824,0.16719941819872453
TEP072,-2.117871569015227,-5.041302515416658,3.348878923369364,-5.079454639807398,-3.2633902809445496,-2.5088171281998104,-2.3133443486075187
TEP080,1.0247947983518901,-0.44812282949942844,13.528191784398539,-0.11575364058639788,0.39592298238998924,3.340059574175675,2.1824271862637827
TEP088,-2.3128931794539964,-5.584325488665234,5.5979906029748285,-4.5187402676731745,-4.961009836099748,-2.3665212473658324,-2.3397072134099144
TEP096,-0.12330605915442915,-0.4295805816324042,13.628152303492117,-0.04221732948682777,-0.00018824714622370188,3.2890415363066654,1.582867738576118
TEP008,-1.1834265211869333,-1.9368004439662578,7.014097956800491,-1.338294812616755,-0.4717492346893344,0.816813366382036,-0.1833065774024486
TEP017,-2.180022496966642,-5.602867736532259,4.365144200820721,-5.663149109160238,-2.490030261373848,-2.347725726561406,-2.263874111764024
TEP025,-1.1311301318416822,0.990225826471192,16.14382536734712,0.7023378203963231,0.471372740396887,4.576940438652881,1.7229051534055992
TEP033,-1.6241289655268274,-4.440003906014575,8.796727213969268,-4.583084539885298,-3.2068029624393763,-0.8582910485924954,-1.2412100070596614
TEP041,-1.3598498490267528,-1.8917692705749127,6.564275620879398,-1.3796589876102636,-0.056775565651396985,0.8090179492607061,-0.2754159498830233
TEP049,-1.0541111934093266,-2.238774194943516,6.730876486035358,-2.266690740248832,-0.5471989926962321,0.4195531395366945,-0.31727902693631604
TEP057,-2.4718562085334415,-5.507507604644704,5.3480893052408875,-5.391983961980573,-2.75410441439799,-2.0763766689455947,-2.274116438739518
TEP065,-2.290692322375109,-4.185710220981096,10.46273586552887,-3.1261463762250603,-1.3205590122669335,0.45758006401394513,-0.9165561291805818
TEP073,-0.8318625180931035,0.7332832488852788,15.227520608989337,0.34384830378591696,-0.1322253236582947,4.04310670950056,1.6056220957037284
TEP081,-0.9266802913148532,0.5160740595858485,15.910584156128774,1.0975954925565123,0.45251030089516253,4.494191002291574,1.7837553554883603
TEP089,-1.1800082833678016,0.9796302562614627,15.094239916864568,1.230880056424485,0.7543093329227534,4.514764890618317,1.6673783036252579
TEP097,-1.5990028258248987,-2.3791655002224164,5.797911641161981,-1.8254728736514085,-0.9810351012358939,0.15305954151306564,-0.7229716421559166
TEP098,-0.7195320217576524,-2.9831130021769297,6.747536572550955,-2.271286759692555,-0.4717492346893344,0.25534689399803406,-0.23209256387980917
TEP106,-1.1450818440973172,-1.2533861654387821,12.428626074369202,-0.5064152933028655,0.16957370836929614,2.7095995809992126,0.7822588684509477
TEP114,-1.1828583536394373,-2.5301523757110447,7.030758043316086,-2.2942668569111704,-0.6980985087100275,0.37706007549596093,-0.40289913907173813
TEP122,-1.5562254800039121,-2.201689699209466,5.997832679349134,-1.7519365625518386,-0.8867229037272718,0.2893708784651394,-0.6334273007693864
TEP130,-2.248697827936195,-5.099578151570164,-1.3659255605443135,-5.189759106456754,-3.848125905498007,-3.8758471810173094,-3.062272504476752
TEP138,-1.699108146991509,0.5690519106344901,15.444101733692083,0.780470150939616,0.9052088489365487,4.424708161050685,1.3628000070295878
TEP148,-1.0686369977439727,-2.768552705429932,10.079553875670163,-2.0322937486189505,-0.943310222232445,1.083849299847209,0.007606151051618104
TEP157,-1.7032180923832962,-4.2227947167151445,10.362775346435294,-2.634372295746684,-0.7546858272152007,0.6877306266895662,-0.507743732846865
TEP165,-1.060410156689598,-1.809653601449519,7.8137821095491,-1.2923346181795237,-0.2831248396720901,1.107167262561992,0.02337855293619695
TEP173,-2.495323527651539,-1.5262220983392851,10.945878374481154,-1.3245067542855864,-0.7169609482117519,1.8445471434111325,-0.3253881921202032
TEP181,-0.5302244319921922,-2.553992408682933,6.680896226488571,-2.321842973573509,-0.8489980247238229,0.23901570487707646,-0.14560436355755785
TEP189,-2.0258262171283326,-3.361904637174718,10.096213962185757,-2.1380021958245834,-1.207384375256587,0.8472306884824674,-0.5892977643229326
TEP099,-1.73237407902724,0.39687389472640483,15.144220176411357,1.0148671425694977,0.735446893421029,4.322852026782072,1.295238973877416
TEP107,-2.4644074774203486,-4.39497273262323,10.779277509325194,-2.308054915242339,-0.6415111902048543,0.8586846678136928,-0.8028614048033279
TEP115,-1.2444181922849162,-1.931502658861394,6.7142163995197635,-1.375062968166541,-0.20767508166519238,0.799993922706659,-0.2222121347891286
TEP123,-2.4735186050021096,-5.157853787723669,7.447260206205987,-4.403839781580096,-4.395136651048015,-1.6273925035364483,-2.050455554269279
TEP131,-0.7508807289721668,-2.328836541726206,5.664630949037214,-2.5700280235345594,-0.7735482667169252,-0.0019454707351191647,-0.376413099853643
TEP139,-1.5865640490345108,-5.10752482922746,5.664630949037214,-5.180567067569307,-2.0939190318376353,-1.6793449948992971,-1.632954521966904
TEP149,-1.7744081399455478,-1.0547192240063759,10.429415692497678,-0.12034966003012078,-0.16995020266174354,2.2710991514498593,0.24834550575215575
TEP158,-1.522325980540288,-1.0679636867685363,10.71263716326281,-0.71783218771413,0.05639907135894958,2.2458100900347735,0.36174205474724275
TEP166,-0.6679604764826409,-0.02165112855786429,15.89392406961318,0.5139010232036729,0.603409816908958,4.247395945291986,1.7897177344046726
TEP174,-1.4422656666650366,-3.0519842085401647,10.396095519466485,-2.96528569569475,-1.1885219357548626,0.7975759198691768,-0.32234487339792994
TEP182,-1.870631079133633,0.9134079424506607,15.444101733692083,0.5414771398660129,0.07526151086067401,4.243562081717358,1.1864655012918626
TEP100,-2.92987088532501,-5.682334513105221,6.01449276586473,-4.803693473184009,-6.017306448196316,-2.6222104171552045,-2.7760406512401072
TEP108,-1.1059701623851923,1.0511503551771286,16.12716528083152,0.6931457815088773,0.39592298238998924,4.566846099976879,1.7304379687958433
TEP116,-1.75762049327193,0.7200387861231184,15.827283723550794,1.2078999592058695,0.2827483453796427,4.509492703564855,1.3759361051464625
TEP124,-1.985134284235379,0.8206967031155378,15.64402277187924,0.8815825787015248,0.8108966514279267,4.539299676281058,1.2770826960228394
TEP132,-0.9873260075454967,-3.401638025461199,5.014887574928967,-3.4616557956168506,-1.1696594962531381,-0.7545164356005551,-0.870921221573026
TEP140,-1.746825616640504,0.5187229521382811,14.777698273068243,0.62420548985303,0.9052088489365487,4.206458890999026,1.229816637179261
TEP150,-1.0903468744397957,1.0537992477295612,15.544062252785658,0.9137547148075863,0.6599971354141312,4.542903337684233,1.726278231622219
TEP159,-0.8440810054851084,-4.294314815630811,10.812597682356387,-3.7466090011276854,-1.697807802301422,0.2684665158241171,-0.2878072448304957
TEP167,-1.1803115958067123,-2.069245071587862,6.830837005128936,-1.4991554931470654,-0.5283365531945077,0.6835249717998755,-0.2483933120034184
TEP175,-1.567138152308617,-0.7977766464204629,12.028783997994896,-0.8924809265756103,-0.43402435568588554,2.4761255173282346,0.4544936825098088
TEP183,-1.4691831032256413,-3.3698513148320144,5.1814884400849275,-3.1491264734436757,-0.7169609482117519,-0.5136125741006287,-0.991397838663135
TEP191,-0.9079645616426826,0.2776737298669612,15.260840782020528,0.9872910259071578,0.32047322438309156,4.211569690544435,1.6518025644508763
TEP101,-1.1999203628645343,-1.4441064292138917,10.7626174228096,-1.338294812616755,-0.1322253236582947,1.9619977143301646,0.38103867573281514
TEP109,-0.8183749645030653,-2.00302275777706,6.930797524222511,-1.7749166597704542,0.03753663185722515,0.7975986846330553,-0.010388139935005036
TEP117,-1.9372628572205641,0.8551323062971552,16.527007357205825,1.1067875314439606,0.7731717724244778,4.815524741842854,1.4391309423111447
TEP125,-2.796019798363545,-5.653196695028468,7.197358908472046,-5.019706387038997,-5.0364595941066455,-2.128000941925516,-2.4620103701445304
TEP133,-2.7506891263327735,-5.727365686496566,4.515084979461086,-5.502288428629927,-5.262808868127339,-2.9943445009481864,-2.87251681364048
TEP141,-1.80553355710989,-0.7977766464204629,11.112479239637114,0.0037428649504037148,-0.1322253236582947,2.54655503362719,0.37051073825865
TEP151,-2.024423734070175,-1.814951386554383,9.4964508476243,-0.901672965463056,0.33933566388481595,1.7797905398729195,-0.12231659709862774
TEP160,-1.2802787640936424,-4.972431309053423,5.231468699631716,-2.694120548515084,-1.0376224197410673,-0.8681763944194647,-1.0742275792565534
TEP168,-1.1045368467676366,-1.79905803123979,7.080738302862876,-1.2004142293050606,-0.056775565651396985,1.0061226191666572,-0.0492071138004897
TEP176,-0.9609435257595716,-1.9394493365186904,6.697556313004165,-1.1176858793180449,-0.4717492346893344,0.792167965619524,-0.08438778007002384
TEP184,-0.5383314134416558,-0.06668230194920938,15.010939484286586,0.10485529271231377,0.15071126886757172,3.7999559359793156,1.6308122612688298
TEP193,-0.9446716250606833,-0.4030916561080834,13.511531697882944,0.2013717010304983,-0.32084971867553896,3.2472405060324547,1.1512844404858857
TEP102,-1.549327571158924,-2.6308102927034644,5.697951122068404,-2.1334061763808605,-0.943310222232445,-0.0023938923120914724,-0.7758607317355077
TEP110,-2.013674097403987,0.5796474808442194,15.110900003380163,0.6517816065153674,0.8863464094348243,4.307168875043644,1.1467473888198283
TEP118,-1.6939342455766009,0.1478779947977898,13.378251005758177,0.21056373991794672,0.33933566388481595,3.519007101089682,0.9125364277565406
TEP126,-0.5271184792686435,-2.553992408682933,7.130718562409664,-2.234518604142769,-0.6980985087100275,0.4110272602184835,-0.058045609525080005
TEP134,-0.424964243076857,-3.8493008668222206,7.6138610713619475,-1.4715793764847267,-0.2831248396720901,0.5024639970957275,0.038749877009435274
TEP142,-1.5671239425370536,-0.4110383337653799,14.394516283209533,-0.39611082665350966,-0.7358233877134763,3.212885933769292,0.8228809956161193
TEP152,-2.076302742745306,0.5107762744809846,14.844338619130626,0.35304034267336276,0.33933566388481595,4.011872725042448,0.967784991148571
TEP161,-2.3053862002813243,-5.030706945206929,6.747536572550955,-4.422223859354988,-3.244527841442825,-1.4874805183634465,-1.8964333593223854
TEP169,-0.8845520384468627,-3.1049620595888063,5.498030083881253,-2.9055374429263483,-0.8301355852220985,-0.33565125096400006,-0.6101016447054314
TEP177,-1.2750697113814928,-0.6573853411415638,12.428626074369202,-0.42368694331584833,0.37706054288826485,2.9311535832000133,0.8280419359092602
TEP185,-2.0196933476939405,-4.556555178321587,5.897872160255557,-4.573892500997852,-1.9430195158238397,-1.2938987587219306,-1.6567960532079355
TEP194,-1.7600488555297036,0.40746946493613406,16.027204761737945,0.6425895676279216,0.7543093329227534,4.4578932818061885,1.3489222131382426
TEP103,-1.0691692680351021,-3.2082688691336565,13.66147247652331,-1.7335524847769457,-1.43373364927728,1.821479368333857,0.37615505014937745
TEP111,-1.332133075826604,-2.146062955608393,7.130718562409664,-1.6692082125648227,-0.4717492346893344,0.7109245398867783,-0.3106042679699128
TEP119,-1.4223801098512334,-3.592358289236309,11.379040623886652,-1.88522112641981,-0.8678604642255473,1.2584001860012466,-0.08198996192499342
TEP127,-0.6334227647751488,-2.365921037460256,13.644812390007711,-2.7308887040648697,-2.8672790514083366,1.4201808992685625,0.39337906724670685
TEP135,-0.5759488945655008,0.7518254967523046,16.027204761737945,0.12783538993092952,-0.5094741136927832,4.099347883682099,1.761699494558299
TEP143,-1.9548457517135809,0.574349695739354,14.644417580943474,0.38980849822314845,0.45251030089516253,4.015271518950285,1.030212883618352
TEP153,-1.671962237468555,-2.6520014331229196,12.145404603604069,-2.436743459666588,-2.886141490910061,1.0426295549761253,-0.31466634124621484
TEP162,-1.2012333510179538,0.9504924381847107,16.327086319018676,0.7850661703833403,0.45251030089516253,4.628788807120473,1.7137777280512596
TEP170,-2.1983615332001163,-1.7169423621143962,9.16324911731238,-1.0717256848808132,-0.32084971867553896,1.513432837910408,-0.3424643476448541
TEP178,-1.195491699293196,-0.08522454981623363,14.910978965193012,0.17839160381188257,0.1318488293658473,3.7839987121386267,1.2942535064227152
TEP186,-1.184279698264406,-0.4136872263178111,12.445286160884796,-0.21227004890458373,-0.4717492346893344,2.836894912743267,0.8263076072394306
TEP195,-3.2519791718084554,-5.692930083314949,4.465104719914299,-5.410368039755465,-5.998444008694592,-3.1591593529626767,-3.2055692623855663
TEP104,-1.3633818027128863,-1.346097404773905,12.978408929383871,-1.3107186959544166,-1.961881955325564,2.089927718332496,0.36327295780980484
TEP112,-1.1585279664723003,-5.568432133350641,3.198938144729,-5.267891437000047,-5.658920097663552,-3.3240763808213103,-2.2413021736468055
TEP120,-1.7921980055084976,-2.9831130021769297,15.64402277187924,-2.707908606846254,-3.6972263894842112,1.563943693342961,-0.11412715608276836
TEP128,-0.7337352223458946,-0.029597806215159332,15.97722450219116,0.4035965565543184,0.3016107848813671,4.163208509352921,1.714736643503513
TEP136,-1.6146479982312,-5.73266347160143,4.531745065976682,-4.661216870428592,-5.621195218660103,-2.8708326236783606,-2.2427403109547805
TEP144,-1.4792422946211812,0.7173898935706873,15.610702598848043,0.716125878727493,0.471372740396887,4.378897777885777,1.4498277416322982
TEP154,-1.0245325836645174,-1.7354846099814205,15.160880262926952,-1.779512679214177,-2.791829293401439,2.213513420082479,0.5944904182089807
TEP163,-0.9608215915103007,-1.6295289078841373,7.7804619365179075,-1.6462281153462068,-0.03791312614967256,1.1166979467844727,0.07793817763708599
TEP171,-1.4481952220584282,-0.6203008454075137,13.361590919242579,-0.901672965463056,-0.3019872791738145,2.8844074572995484,0.7181061176205601
TEP179,-1.605016162360826,-4.387026054965934,7.147378648925259,-2.873365306820287,-1.3016965727652092,-0.35367732140654273,-0.9793467418836843
TEP187,-2.135172644670643,-2.4639300619002427,7.497240465752777,-1.338294812616755,0.33933566388481595,1.008587813780149,-0.563292415445247
TEP196,-2.0014356656382812,-4.694297591048055,5.847891900708769,-3.673072690028115,-0.6415111902048543,-0.7902473926430638,-1.3958415291406725
TEP105,-0.5205899361683616,0.12933574693076555,15.544062252785658,0.6793577231777074,0.8863464094348243,4.309775533082239,1.8945927984569386
TEP113,-2.8492507592130685,-5.356520729156075,7.230679081503239,-4.610660656547638,-5.22508398912389,-1.9903965733310909,-2.41982366627208
TEP121,-1.168820476312535,-3.1023131670363733,10.04623370263897,-2.340227051348402,-2.2070936688479814,0.5991499538515536,-0.2848352612304907
TEP129,-0.8770919996196098,1.0776392807014494,15.444101733692083,0.8953706370326948,-0.00018824714622370188,4.354230851070001,1.7385694257251958
TEP137,-2.1514473508535743,-4.564501855978882,9.179909203827975,-4.013178128863628,-3.5651893129721404,-0.7407400234966689,-1.4460936871751215
TEP145,-2.354681974392887,-5.054546978178818,6.131113371473902,-4.647428812097422,-2.225956108349706,-1.449204631788011,-1.901943303090449
TEP155,-2.537807128093074,-5.112822614332324,7.014097956800491,-3.9901980316450127,-2.622067337885919,-1.1777475067656913,-1.8577773174293826
TEP164,-0.9569207270100852,-1.8891203780224815,5.864551987224364,-1.614055979240144,-0.6226487507031297,0.4346817198146522,-0.2611195035977165
TEP172,-1.704892592325917,-1.0255814059296224,12.811808064227911,-1.8300688930951328,-0.943310222232445,2.2532118857426777,0.27415964670838033
TEP180,-0.3211158701076283,-2.9407307213380176,14.577777234881092,-1.8392609319825786,-1.2639716937617602,2.133453471949684,0.9061688009210278
TEP188,-1.5347726656020069,1.029959214757673,16.443706924627847,1.2033039397621452,0.829759090929651,4.876682292519329,1.6709548134586614
TEP197,-0.47325901979680973,0.010135582071321887,15.494081993238874,-0.07438946559288928,0.15071126886757172,3.8951348446462197,1.710937912424705
ESM001,-1.4141826560731765,-3.515540405215779,6.331034409661055,-3.05261006512549,-1.961881955325564,-0.5497495040014444,-0.9819660800373105
ESM010,-1.4853026168263228,-2.3632721449078233,4.531745065976682,-1.79789675698907,-0.9621726617341695,-0.14789912441359526,-0.816600870619959
ESM018,-1.14589451807218,-1.8546847748408641,7.6138610713619475,-1.5634997653591898,-0.2831248396720901,0.9781379228724509,-0.08387829759986454
ESM026,-1.6535756226702911,-2.726170424591018,4.115242903086782,-2.064465884725013,-1.0376224197410673,-0.4282539564925792,-1.0409147895814352
ESM034,-1.4458446451555511,-3.155291018085015,4.081922730055589,-2.707908606846254,-1.1885219357548626,-0.7424497076576356,-1.0941471764065933
ESM042,-1.4610938667086082,0.10284682140644473,12.928428669837084,-0.16171383502362938,-0.16995020266174354,3.174902863389539,0.8569044983404653
ESM050,-1.9011357267277005,-2.2944009385445887,14.177935158506786,-1.3107186959544166,-0.8678604642255473,2.426238764945558,0.2625515191089288
ESM058,-1.0982451410876075,-2.108978459874343,7.130718562409664,-1.5910758820215283,-0.37743703718071225,0.7633067958332699,-0.16746917262716882
ESM066,-1.2031562822799158,-0.2706470284864793,13.99467420683523,-0.1525217961361836,-0.15108776316001912,3.355104404763137,1.0759740612416107
ESM074,-0.8261906490449203,-3.383095777594175,6.764196659066551,-3.1996826873246302,-0.7924107062186496,-0.15274812801772597,-0.48946938853132316
ESM082,-0.8119269748034167,-3.062579778749892,14.461156629271919,-1.8944131653072558,-1.075347298744516,2.1072040966175636,0.6476385609070734
ESM090,-0.7182807525600325,-2.993708572386659,14.711057927005859,-1.5956719014652512,-0.7924107062186496,2.332316686733825,0.8070179670868962
ESM002,-1.4711841270493002,-3.708909561543321,3.198938144729,-3.135338415112506,-1.2639716937617602,-1.227320381422147,-1.3492522542357235
ESM011,-1.8078719564308139,-3.025495283015844,4.398464373851914,-2.427551420779142,-0.6980985087100275,-0.43817020966327497,-1.1230210830470444
ESM019,-1.8393129426100185,-0.9037323485177461,11.878843219354534,-1.6462281153462068,-1.9807443948272885,1.8370345901658234,-0.001139176222097582
ESM027,-1.7520702807660997,-2.8559661596601913,5.548010343428041,-2.4735116152163736,-1.1507970567514136,-0.23306612204998434,-0.992568201408042
ESM035,-0.9016640047017036,-1.92620487375653,7.580540898330757,-1.9357773403007645,-0.4717492346893344,0.8117023623960322,-0.04498082115283569
ESM043,-1.1935150740590477,-2.569885763997526,6.597595793910591,-2.510279770766158,-0.4906116741910588,0.25670464623896194,-0.46840521391004286
ESM051,-2.1816037149868603,-2.887752870289376,4.2318635086959535,-1.9541614180756572,-0.4906116741910588,-0.27516561346503465,-1.2283846642259475
ESM059,-1.0494703106369763,-2.1222229226365035,6.947457610738106,-1.5864798625778054,-0.5094741136927832,0.6823201779577535,-0.1835750663396114
ESM067,-1.7021501215969683,-3.229460009553114,3.2988986638225763,-2.615988217971791,-1.5091834072841779,-1.0139332427466266,-1.3580416821717973
ESM075,-1.1803493994160985,-2.0877873194548875,7.030758043316086,-1.3107186959544166,-0.20767508166519238,0.8561442365603976,-0.16210258142785045
ESM083,-1.1188687272546047,-1.3407996196690395,12.628547112556355,-1.6875922903397143,-0.5094741136927832,2.2726702722137047,0.57690077247955
ESM091,-1.1147030862638914,-2.063947286482998,6.947457610738106,-1.5818838431340825,-0.5283365531945077,0.6933224819816295,-0.21069030214113094
ESM004,-1.5238341037249497,-3.1685354808471753,3.3988591829161514,-2.4229554013354178,-1.3016965727652092,-0.8735820680079127,-1.1987080858664312
ESM012,-1.3577184851138255,-2.201689699209466,6.780856745582146,-1.880625106976087,-0.07563800515312141,0.6557259835608679,-0.35099625077647884
ESM020,-1.9653917846406368,-3.263895612734731,10.029573616123372,-2.3723991874544637,-0.056775565651396985,1.0841258125706952,-0.4406329860349708
ESM028,-1.7535981299356627,-2.840072804345598,5.498030083881253,-2.409167343004249,-0.943310222232445,-0.1736300714252597,-0.9636141006804612
ESM036,-1.4828665348454246,-3.1764821585044722,3.348878923369364,-2.5286638485410506,-1.3771463307721068,-0.9333533536120664,-1.2081099442287455
ESM044,-1.6464529906505558,-0.6097052751977861,13.32827074621139,-1.1682420931989992,-1.3771463307721068,2.5432942617606242,0.4484206355550342
ESM052,-0.42399585157798086,-2.5142590203964517,6.847497091644531,-2.4229554013354178,-0.7546858272152007,0.2888992106743652,-0.06754832045180784
ESM060,-0.8189789403490223,-2.2202319470764915,5.46470991085006,-1.3934470459414336,-0.01905068664794813,0.45799505779604677,-0.18049194127648777
ESM068,-1.4119178067743432,-1.0070391580625981,13.94469394728844,-1.1498580154241063,0.16957370836929614,2.989342620542758,0.7887124068842073
ESM076,-0.7361973310714668,-0.273295921038912,14.244575504569172,-0.10656160169895211,-0.20767508166519238,3.414260725041529,1.339031696985031
ESM084,-1.194159832141165,-2.5089612352915878,6.914137437706916,-2.1517902541557534,-0.6603736297065786,0.39825307963824896,-0.39795337625145805
ESM092,-1.3939481442116484,-3.2612467201822986,10.579356471138043,-2.946901617919857,-0.32084971867553896,1.0125896035900872,-0.19067927031078058
ESM005,-1.8245669265246234,-2.79239273840182,4.398464373851914,-2.1150220986059676,-0.43402435568588554,-0.23574370471043993,-1.0301553156175316
ESM013,-1.464254870545258,-3.1235043074558306,3.3655390098849605,-2.326438993017232,-1.43373364927728,-0.8795344849663456,-1.1718946777558017
ESM021,-1.6706745987583551,-2.924837366023424,4.398464373851914,-2.5378558874284964,-1.2639716937617602,-0.5820501433404418,-1.1263623710493984
ESM029,-1.8083003993664273,-2.217583054524059,7.413940033174797,-1.6646121931210984,-0.7924107062186496,0.6848335198277476,-0.5617334397693399
ESM037,-1.8092067070968456,-2.768552705429932,4.365144200820721,-2.1058300597185218,-0.32084971867553896,-0.20752207075081797,-1.0083643889238318
ESM045,-0.7816651263495664,-0.9302212740420669,13.361590919242579,-1.0119774321124118,-0.8301355852220985,2.6473141569665004,0.932824515308467
ESM053,-1.4095662144761314,-1.4547019994236192,12.845128237259104,-0.9935933543375189,-0.7358233877134763,2.4152523739461227,0.5028430797349956
ESM061,-1.0804318445587267,-2.037458360958677,7.297319427565625,-1.462387337597281,-0.3585745976789878,0.8597247828326697,-0.11035353086302846
ESM069,-1.0504872864521835,-1.9950760801197647,7.2140189949876445,-1.3015266570669708,-0.1322253236582947,0.9462977335356535,-0.05209477645826499
ESM077,-1.0762864677711006,-2.0560006088257015,7.597200984846353,-1.8944131653072558,-0.6603736297065786,0.746603395251704,-0.16484153625969827
ESM085,-1.0593796535523228,-1.0255814059296224,13.761432995616884,-1.2693545209609078,0.4147854218917137,2.9703206226545165,0.9554704845510968
ESM093,-1.1331164311954582,-3.046686423435301,14.477816715787514,-1.715168407002054,-0.8301355852220985,2.221456575032015,0.5441700719182785
ESM006,-1.6635676941083115,-2.008320542881925,7.313979514081219,-1.6048639403526983,-0.6037863112014054,0.7742521799112977,-0.4446577570985069
ESM014,-2.000615367358892,-2.8453705894504617,4.398464373851914,-1.9449693791882114,-0.584923871699681,-0.24419986662161014,-1.122407616990251
ESM022,-1.2415369301137822,-1.8414403120787037,7.73048167697112,-1.4669833570410038,-0.9621726617341695,0.8649713365293108,-0.1882827967922357
ESM030,-1.687619072889727,-3.6400383551800863,12.278685295728836,-2.1701743319306446,-1.6600829232979732,1.202097421330033,-0.24276082577984692
ESM038,-1.3585991414196035,-2.3579743598029594,4.531745065976682,-1.7473405431081157,-1.207384375256587,-0.19523855304774507,-0.7769188472336743
ESM046,-1.919111642795072,-3.0122508202536835,5.581330516459233,-2.712504626289977,-1.4903209677824534,-0.40843647446672016,-1.1637740586308962
ESM054,-1.3627962968132323,-1.1182926452647453,14.144614985475593,-1.2233943265236764,-0.07563800515312141,2.9318225021335125,0.7845131026601401
ESM062,-1.0494589089277935,-2.063947286482998,7.363959773628007,-1.522135590365681,-0.37743703718071225,0.850109964899654,-0.09967447201406976
ESM070,-1.4092794517140552,-2.6572992182277853,6.730876486035358,-2.381591226341911,-1.3582838912703825,0.08342553754881987,-0.6629269570826177
ESM078,-0.7623023065650575,-1.9579915843857147,6.647576053457378,-2.3999753041168024,-0.39629947668243665,0.4733274220681061,-0.1444874422484757
ESM086,-1.0115945481094177,-0.35276269761187445,13.77809308213248,-0.22146208779203083,0.07526151086067401,3.3197824518973125,1.1540939518939473
ESM094,-0.6539202145338806,-0.35011380505944173,14.777698273068243,-0.01923723226821203,0.18843614787102056,3.649195845902902,1.4976378156845107
ESM007,-1.556321842859616,-3.062579778749892,3.3988591829161514,-2.409167343004249,-1.3771463307721068,-0.8625085674025241,-1.20941520513107
ESM015,-1.5845689064320754,-2.9725174319672023,3.3655390098849605,-2.252902681917662,-1.339421451768658,-0.7998256389421405,-1.192197272687108
ESM023,-1.141764342963352,-2.0401072535111098,7.8137821095491,-1.9725454958505502,-0.8301355852220985,0.7427484437413354,-0.19950794961100826
ESM031,-2.0254308806893477,-2.7606060277726354,5.714611208584001,-2.3769952068981866,-1.207384375256587,-0.1575936003358519,-1.0915122405125999
ESM039,-1.3801818842569074,-3.3645535297271505,5.04820774796016,-3.305391134530263,-0.7358233877134763,-0.5893900760026825,-0.9847859801297949
ESM047,-2.1995426563071376,-3.658580603047111,12.195384863150856,-2.8365971512705013,-1.697807802301422,1.0005998266329554,-0.5994714148370911
ESM055,-1.563560284381558,-0.5540785315967117,13.32827074621139,-0.8832888876881632,-1.245109254260036,2.6614485181666194,0.5489441168925308
ESM063,-2.4771194906523304,-5.10752482922746,7.330639600596817,-4.840461628733795,-4.206512256030771,-1.7059647783488021,-2.0915421345005663
ESM071,-1.4972411787743993,-0.9222745963847719,12.262025209213242,-1.2463744237422922,0.16957370836929614,2.565737474363868,0.5342481477947344
ESM079,-0.7608560867176992,-0.7686388283437109,12.945088756352678,-0.8005605377011473,0.4147854218917137,2.9476687030498834,1.093406308166092
ESM087,-1.3989213226422335,-3.5897093966838773,10.596016557653638,-3.5351921067164205,-0.7169609482117519,0.6885385265103968,-0.3551913980659183
ESM095,-1.114189179504664,-2.0957339971121827,7.363959773628007,-1.444003259822388,-0.18881264216346796,0.9088524686324922,-0.10266835543608582
ESM008,-1.6928047001063722,-5.398903009994989,1.4662891471070127,-4.670408909316038,-5.489158142148032,-3.5230452285880114,-2.607924964347192
ESM016,-1.2285024739162198,-0.7553943655815505,12.878448410290295,-0.736216265489023,-0.33971215817726336,2.7617814052606144,0.7666394656721973
ESM024,-1.6927634941892233,-2.3102942938591817,4.298503854758338,-1.701380348670884,-1.0942097382462403,-0.20184513150449201,-0.9473043128468577
ESM032,-1.7505490334358342,-2.842721696898031,5.5979906029748285,-2.5286638485410506,-1.0187599802393428,-0.19803873067589894,-0.9742938820558666
ESM040,-1.6839358052592575,-3.179131051056905,3.3655390098849605,-2.5286638485410506,-1.1507970567514136,-0.8732632366161022,-1.27859952093768
ESM048,-2.084295827644533,-0.7818832911058713,11.728902440714169,-1.4164271431600495,-1.6034956047928,1.9817741004138623,-0.05126086361533533
ESM056,-1.452586777291737,-3.2930334308114846,10.162854308248143,-3.0204379290194274,-0.32084971867553896,0.882133307435423,-0.285226734928157
ESM064,-1.1037814811443722,-2.659948110780216,3.3821990964005564,-1.9173932625258716,-0.16995020266174354,-0.34127311989181874,-0.7225273005180954
ESM072,-1.937688550480447,-4.673106450628598,9.729692058842645,-4.187826867725107,-2.2636809873531547,-0.3487305617160539,-1.1432095560982505
ESM080,-1.194756322672279,-1.9632893694905786,7.114058475894066,-1.4991554931470654,-0.3019872791738145,0.8374065835206519,-0.17867486957581358
ESM088,-1.3189213294878221,-3.8307586189551963,5.997832679349134,-3.332967251192602,-0.679236069208303,-0.46128231500174177,-0.890101822244782
ESM096,-1.971279447010383,-0.6097052751977861,12.928428669837084,-1.4118311237163252,-1.5091834072841779,2.3494272159096985,0.18907388444965778
ESM009,-1.3509774796091816,-3.0546331010925973,3.432179355947344,-2.1517902541557534,-1.0376224197410673,-0.7029666047605185,-1.02697204218485
ESM017,-1.9441238706697825,-0.6203008454075137,12.945088756352678,-1.094705782099429,-1.4903209677824534,2.434940290265821,0.24540820979801914
ESM025,-1.9802185847962552,-2.993708572386659,4.398464373851914,-2.004717631956612,-0.5283365531945077,-0.2820745959214663,-1.1311465903588607
ESM033,-1.0566543048115917,-2.169902988580281,7.48058037923718,-2.3126509346860633,-0.6603736297065786,0.5844132065660642,-0.23612054912276376
ESM041,-1.4237214161522196,-3.2771400754968916,5.231468699631716,-2.6527563735215756,-0.5094741136927832,-0.30197546576988366,-0.8628484409610516
ESM049,-1.1509227155374837,-2.710277069276427,6.8808172646757235,-2.8136170540518854,-0.5660614321979565,0.1977154272873637,-0.47660364412506
ESM057,-2.1703783604077636,-2.6705436809899457,13.011729102415064,-2.7722528790583785,-3.8292634659962825,0.9349172690926144,-0.6177305456575746
ESM065,-1.299416690187002,-1.9871294024624682,7.330639600596817,-1.2739505404046307,-0.4717492346893344,0.899452605760096,-0.19998204221345295
ESM073,-0.9229636199302913,-0.2785937061437759,14.127954898959999,-0.023833251711934914,-0.3019872791738145,3.3808851654826184,1.2289607727761636
ESM081,-0.9772832650886499,-2.4268455661661927,3.2988986638225763,-1.7703206403267313,0.03753663185722515,-0.21518272770328065,-0.5962329963959653
ESM089,-1.1084335861164802,-3.444020306300113,10.745957336294003,-3.512212009497805,-0.8301355852220985,0.7398973588184967,-0.18426811364899176
ESM097,-1.4533044645142505,-2.7844460607445236,5.797911641161981,-2.712504626289977,-1.3016965727652092,-0.2501839046594321,-0.8517441845868413
ESM098,-2.8126608904238237,-2.4136011034040323,12.911768583321487,-2.7492727818397626,-2.3014058663566037,1.3618722079302725,-0.7253943412467756
ESM106,-1.2391407419984715,-2.018916113091653,6.980777783769299,-1.5129435514782352,-0.39629947668243665,0.7631546606292434,-0.23799304068461402
ESM114,-0.8560826587022022,-0.41898501142267647,13.66147247652331,-0.1938859711296909,-0.09450044465484583,3.238525262329024,1.1912213018134108
ESM122,-1.138551354177504,-1.18716385162798,14.19459524502238,-0.9522291793440104,0.03753663185722515,3.0231847114769037,0.9423166786496998
ESM130,-1.1982863564176134,-1.9791827248051717,7.447260206205987,-1.2555664626297391,-0.07563800515312141,1.0342182534044888,-0.08203405150656229
ESM138,-1.1440197689426768,-3.483753694586594,10.37943543295089,-3.029629967906874,-0.5094741136927832,0.8391444141911596,-0.15243767737575858
ESM146,-1.29375964276416,-3.1817799436093357,5.281448959178503,-2.8457891901579484,-0.584923871699681,-0.3327610115721155,-0.8132603271681378
ESM154,-1.9281406679080584,-2.299698723649454,13.41157117878937,-1.903605204194703,-0.7924107062186496,2.1039641361816406,0.0879117341367911
ESM162,-1.0424907896070899,-1.8520358822884315,13.728112822585691,-1.7519365625518386,-0.5094741136927832,2.4036665660131593,0.6805878882030347
ESM170,-1.7441878907772974,-3.380446885041742,6.331034409661055,-2.5516439457596665,-1.7921199998100443,-0.34829410523759946,-1.0462409980074485
ESM178,-1.8208831546466429,-2.991059679834226,14.07797463941321,-1.8208768542076856,-0.9621726617341695,2.075966360909282,0.12754160313131968
ESM186,-1.551463337913648,-0.6865231592183157,12.861788323774698,-1.1820301515301679,-1.1507970567514136,2.4606094890687005,0.45457307557752624
ESM099,-1.2952989549151448,-3.647985032837383,11.828862959807745,-2.340227051348402,-1.339421451768658,1.1253073559633258,-0.08499579947590952
ESM107,-1.0991632411160281,-3.515540405215779,7.64718124439314,-2.96528569569475,-0.3019872791738145,0.21609196607719922,-0.4415356375194145
ESM115,-1.3559705809307725,-0.46666507736645274,13.061709361961851,-0.4926272349716955,-0.6037863112014054,2.874657684605574,0.7593435518374008
ESM123,-1.0014274706769843,-0.9567101995663877,13.528191784398539,-0.9522291793440104,0.3016107848813671,2.980215797592377,0.9893941634576963
ESM131,-2.2850170330293667,-4.575097426188611,5.681291035552809,-3.4248876400670647,-0.7546858272152007,-0.768344964479517,-1.5266809987544419
ESM139,-1.173357007268802,-2.885103977736943,4.331824027789531,-2.018505690287782,-1.0187599802393428,-0.3976364051186342,-0.7854967061937181
ESM147,-0.8341133528763143,-3.057281993645028,14.44449654275632,-1.6784002514522685,-0.811273145720374,2.224385287984662,0.695135967554174
ESM155,-1.855413325544593,-4.4717906166437595,5.764591468130789,-3.677668709471838,-0.8678604642255473,-0.813182080552589,-1.334297703048591
ESM163,-1.219035776458729,-1.9288537663089627,7.2140189949876445,-1.7565325819955613,-0.1322253236582947,0.8491018307562066,-0.18496697285126118
ESM171,-1.3978904825293248,-3.952607676367072,11.612281835104996,-4.247575120493509,-4.621485925068709,-0.30234672170607335,-0.8501186021176991
ESM179,-1.9235640643147314,-1.8043558163446538,11.862183132838936,-2.0782539430561817,-1.3016965727652092,1.669469200168223,-0.1270474320732542
ESM187,-1.1198967565653908,-1.5606577015209024,13.878053601226057,-0.7454083043764687,0.24502346637619385,2.95425276542622,0.9171780044304146
ESM100,-1.5999036329047942,-3.6771228509141354,12.095424344057282,-2.5286638485410506,-1.5280458467859022,1.0903979494540486,-0.2547528417253728
ESM108,-1.4191011843993258,-4.514172897482673,8.979988165640822,-5.130010853688352,-8.280799188403247,-2.2362486934833625,-1.8276749389413443
ESM116,-1.3559553314363215,-0.9434657368042273,13.511531697882944,-1.2923346181795237,-0.01905068664794813,2.814170164062811,0.7291074163132448
ESM124,-1.5590658664968053,-1.2268972399144613,13.894713687741653,-1.1268779182054907,-0.07563800515312141,2.866325131117145,0.6536296323101698
ESM132,-1.0906576106116146,-2.1593074183705534,7.48058037923718,-1.6600161736773755,-0.32084971867553896,0.8351017671284281,-0.12777792174159325
ESM140,-1.737201841001704,0.6485186872074525,15.560722339301257,0.34384830378591696,0.18843614787102056,4.185381369541412,1.224089764269854
ESM148,-1.5954414532296453,-2.3314854342786386,13.045049275446257,-1.6784002514522685,-0.5283365531945077,2.1267067591302102,0.2656326529502825
ESM156,-1.7660259791701307,-0.09846901257839405,15.993884588706754,-0.07438946559288928,0.829759090929651,4.162696300366281,1.198335160598075
ESM164,-1.8998673547445664,-4.641319739999413,5.581330516459233,-3.5765562817099292,-0.6603736297065786,-0.824229783739172,-1.3620485692418691
ESM172,-1.1921399789777032,0.10284682140644473,13.77809308213248,-0.5156073321903113,-0.18881264216346796,3.2941299822962864,1.0509950016592917
ESM180,-0.8271818377940112,-0.5090473582053666,14.061314552897613,-0.7132361682704071,-0.00018824714622370188,3.209710694818904,1.1912644285124463
ESM188,-0.9037790729073052,-0.8189677868399198,13.544851870914137,-1.1360699570929362,0.5468224984037847,3.0341591563462664,1.0651900417194806
ESM101,-1.0472745357159874,-1.947396014175987,7.114058475894066,-1.444003259822388,-0.2642624001703657,0.8645992004313314,-0.09133766764232798
ESM109,-1.1860309490504757,-3.4307758435379525,7.513900552268372,-3.254834920649309,-0.6603736297065786,0.041979039593633055,-0.5720259547284213
ESM117,-1.2974512104352267,-3.55527379350226,10.829257768871983,-3.4524637567294034,-0.6037863112014054,0.8044334768597285,-0.24650886678774908
ESM125,-1.0527898402741962,-0.9673057697761169,13.628152303492117,-1.0441495682184734,0.43364786139343814,3.0125862067227414,0.9798981832242726
ESM133,-1.6254434954023116,-3.6506339253898146,11.878843219354534,-2.064465884725013,-0.9244477827307206,1.3098239066272466,-0.1578097943875325
ESM141,-1.09393003430723,-1.2401417026766217,14.36119611017834,-1.3888510264977094,-0.1322253236582947,2.8999945143364285,0.9030322400145993
ESM149,-0.8889577602546984,-0.6176519528550826,14.261235591084766,-0.7867724793699773,-0.39629947668243665,3.1151279205443174,1.1130850801448096
ESM157,-1.181441338824998,-1.8785248078127523,5.031547661444562,-1.1636460737552763,-0.056775565651396985,0.4831503035562841,-0.34914551763435697
ESM165,-2.195425382575305,-0.8984345634128823,12.378645814822415,-1.5175395709219581,-1.867569757816942,2.023775480667658,-0.08582495095382336
ESM173,-1.3304404724704775,-1.9712360471478751,7.080738302862876,-1.2279903459673993,-0.37743703718071225,0.8760187181417224,-0.22721087716437754
ESM181,-1.371081620900526,-0.47461175502374925,13.41157117878937,-0.552375487740097,-0.24539996066864125,3.0347959938392206,0.8318571864693473
ESM189,-1.299286418761962,-2.8665617298699186,5.714611208584001,-2.96528569569475,-0.8867229037272718,-0.2509897801769848,-0.7751380994694734
ESM102,-1.113520169652744,-3.4705092318244337,7.8304421960646975,-3.1215503567813374,-0.4151619161841611,0.2058051728186912,-0.4538574984170264
ESM110,-2.2744812415030697,-4.625426384684821,4.448444633398701,-3.3743314261861106,-0.6037863112014054,-1.038774872168409,-1.6566280568357392
ESM118,-1.6773946336370074,-3.295682323363916,9.96293327006099,-2.873365306820287,-0.37743703718071225,0.8541121506740186,-0.4116412414814944
ESM126,-1.9404710746644944,-0.5037495731005027,12.728507631649931,-0.901672965463056,-0.7546858272152007,2.6420998164677925,0.350814370901649
ESM134,-1.1211021912272006,-0.7447987953718213,12.928428669837084,-0.8465207321383788,0.5656849379055091,2.9756985200580983,0.9272981644154489
ESM142,-1.0297253623710358,-3.263895612734731,8.14698383986102,-3.1629145317748457,-0.01905068664794813,0.42528075217587386,-0.30222230509758097
ESM150,-1.8070700057767535,-4.699595376152919,5.0981880075069475,-3.222662784543246,-0.5660614321979565,-0.8475328963467935,-1.3273014510617736
ESM158,-0.7448729430845651,-0.522291820967527,14.811018446099434,-0.3869187877660639,-0.11336288415657027,3.447111238302318,1.3511191476088764
ESM166,-1.0242513647595939,-3.2506511499725708,10.096213962185757,-3.912065701101718,-1.1319346172496894,0.4503906234654448,-0.28693037064707455
ESM174,-1.8774652274869852,-4.286368137973514,7.880422455611486,-3.0801861817878287,-1.0942097382462403,-0.1450854005990243,-1.0112753140430049
ESM182,-1.5460705378841515,-2.8771573000796464,7.73048167697112,-2.8687692873765642,-2.6032048983841944,-0.15466245221732133,-0.8503664950507364
ESM190,-1.983795278305454,-4.710190946362647,5.897872160255557,-3.3513513289674948,-0.6603736297065786,-0.7060109361952909,-1.3449031072503725
ESM103,-0.8327551837762562,-2.3924099629845768,7.430600119690392,-2.2069424874804304,0.11298638986412286,0.7360585147723768,-0.048348334501939705
ESM111,-1.0321591133652133,-1.5182754206819902,12.245365122697647,-1.260162482073462,-0.5094741136927832,2.2393632765623535,0.6036020815985701
ESM119,-1.5709392839443856,-4.715488731467512,5.0981880075069475,-3.319179192861432,-0.5283365531945077,-0.866204117504126,-1.2185717007242558
ESM127,-0.7245684365166694,-1.1421326782366334,13.028389188930658,-1.4026390848288794,0.3581981033865404,2.7104538823129216,0.9929427228981261
ESM135,-1.2335378285558816,-2.0612983939305667,7.280659341050027,-1.5818838431340825,-0.4151619161841611,0.8055787969503041,-0.21397951580278873
ESM143,-1.1354592583426582,-2.1222229226365035,7.64718124439314,-1.540519668140574,-0.39629947668243665,0.8970347942334067,-0.11921223205462572
ESM151,-1.5279742871990307,-3.1923755138190653,13.94469394728844,-1.9587574375193801,-0.9621726617341695,1.9578470835539565,0.2149363981774629
ESM159,-0.9669986463210207,-2.2149341619716263,4.831626623257412,-1.2096062681925077,-0.3019872791738145,0.27627472847986584,-0.3453619589205774
ESM167,-1.7396285771454272,0.6803053978366372,15.64402277187924,0.3622323815608085,0.24502346637619385,4.232896004413219,1.246633713633896
ESM175,-2.4432629359282476,-4.016181097625442,5.081527920991352,-3.585748320597375,-1.3582838912703825,-0.969671347125462,-1.7064671415268549
ESM183,-1.4352883395940785,-4.776413260173449,4.864946796288602,-3.5443841456038663,-0.679236069208303,-1.033771669674254,-1.2345300046341663
ESM191,-1.2564489958711016,-1.1686216037609543,13.99467420683523,-1.0625336459933663,-0.18881264216346796,2.8936765787293606,0.8186137914291295
ESM104,-1.359206930047544,-0.9779013399858447,14.494476802303112,-0.5018192738591426,-0.39629947668243665,3.154614177943922,0.8977036239481889
ESM112,-1.915141259189878,-4.4797372943010565,6.081133111927114,-3.4616557956168506,-0.7735482667169252,-0.6584520611769296,-1.2867966601834038
ESM120,-1.224517127672757,-3.4042869180136317,4.864946796288602,-3.2778150178679244,-1.0564848592427916,-0.7184099997089364,-0.9714635636908467
ESM128,-1.5069479178829617,-2.0242138981965168,5.1814884400849275,-1.0625336459933663,0.16957370836929614,0.5660786510660851,-0.4704346334084383
ESM136,-0.5499080359898163,-2.6890859288569695,6.680896226488571,-2.684928509627638,-0.8678604642255473,0.10975533094460396,-0.22007635252260616
ESM144,-1.2912916041253686,-3.1870777287142014,14.211255331537979,-1.81168481532024,-1.0187599802393428,2.0484332018160485,0.37857079884533995
ESM152,-1.3549510622150196,-2.1884452364473055,12.978408929383871,-2.1655783124869217,-0.07563800515312141,2.1371868438241304,0.3911178908045554
ESM160,-1.1111023226624963,-2.135467385398664,5.064867834475755,-1.1820301515301679,-0.24539996066864125,0.37549258421957044,-0.36780486922146294
ESM168,-0.650158570122547,-3.4360736286428164,6.331034409661055,-3.309987153973986,-0.7358233877134763,-0.2877124401673059,-0.46893550514492643
ESM176,-2.176912147378066,-4.794955508040474,5.364749391756483,-3.953429876095227,-0.7546858272152007,-1.0345804548986048,-1.6057463011383355
ESM184,-1.1642457813410008,-2.1222229226365035,6.764196659066551,-1.8714330680886402,-0.20767508166519238,0.6407163966690538,-0.2617646923359735
ESM105,-1.4270460495094008,-3.438722521195248,5.448049824334463,-3.204278706768353,-2.4711678218721236,-0.9165298063753154,-1.1717879279423582
ESM113,-1.1549213513046788,-0.8401589272593768,13.594832130460924,-1.3153147153981395,-0.18881264216346796,2.812636461409985,0.828857555052653
ESM121,-0.9301212786056661,-1.8626314524981606,7.413940033174797,-1.0395535487747505,-0.24539996066864125,1.066588767808311,0.06823374460132248
ESM129,-1.4702758101097144,-0.8401589272593768,14.344536023662746,-0.24444218501064657,0.24502346637619385,3.376239594442229,0.9529818921662574
ESM137,-0.8794869252321224,-1.910311518441937,7.713821590455525,-1.3107186959544166,-0.2831248396720901,1.0524166340967702,0.08646485443232393
ESM145,-1.1195876647644647,-2.953975184100178,5.481369997365656,-2.5332598679847735,-0.943310222232445,-0.2372938192379352,-0.6784407420012
ESM153,-1.336663416458933,-1.2904706611728305,12.978408929383871,-1.7519365625518386,-0.1322253236582947,2.4509440955002266,0.5571403395206468
ESM161,-1.1282628033950273,-2.0771917492451584,7.363959773628007,-1.4164271431600495,-0.33971215817726336,0.882657180761384,-0.12280281131682164
ESM169,-1.424693791631733,-0.3050826316680967,13.761432995616884,0.12323937048720532,0.16957370836929614,3.437290860701322,1.0062985345347946
ESM177,-1.3750207690602965,-3.0943664893790785,14.27789567760036,-1.9541614180756572,-0.6980985087100275,2.1328173153588996,0.3788982731493016
ESM185,-1.0859578778309953,-2.991059679834226,12.39530590133801,-2.257498701361385,-2.169368789844533,1.2443446825744662,0.07919340237173544
LCC-ICCG,0.9163680292057096,-0.2918381689059363,13.91137377425725,-1.0533416071059205,-0.5660614321979565,3.000033141511859,1.9582005853587843
RFP,,,,,,,
